"filename", "language", "JavaScript", "JSON", "Markdown", "TypeScript", "JSON with Comments", "Docker", "SQL", "YAML", "comment", "blank", "total"
"c:\Workspaces\Visual Studio Code\wuye\sp-ic-b\.eslintrc.js", "JavaScript", 25, 0, 0, 0, 0, 0, 0, 0, 0, 1, 26
"c:\Workspaces\Visual Studio Code\wuye\sp-ic-b\.github\workflows\learn-github-actions.yml", "YAML", 0, 0, 0, 0, 0, 0, 0, 32, 0, 7, 39
"c:\Workspaces\Visual Studio Code\wuye\sp-ic-b\.prettierrc", "JSON", 0, 4, 0, 0, 0, 0, 0, 0, 0, 0, 4
"c:\Workspaces\Visual Studio Code\wuye\sp-ic-b\Dockerfile", "Docker", 0, 0, 0, 0, 0, 8, 0, 0, 5, 9, 22
"c:\Workspaces\Visual Studio Code\wuye\sp-ic-b\README.md", "Markdown", 0, 0, 51, 0, 0, 0, 0, 0, 2, 21, 74
"c:\Workspaces\Visual Studio Code\wuye\sp-ic-b\nest-cli.json", "JSON", 0, 8, 0, 0, 0, 0, 0, 0, 0, 1, 9
"c:\Workspaces\Visual Studio Code\wuye\sp-ic-b\package.json", "JSON", 0, 73, 0, 0, 0, 0, 0, 0, 0, 1, 74
"c:\Workspaces\Visual Studio Code\wuye\sp-ic-b\src\.const\init.const.ts", "TypeScript", 0, 0, 0, 3, 0, 0, 0, 0, 0, 0, 3
"c:\Workspaces\Visual Studio Code\wuye\sp-ic-b\src\.const\msg.const.ts", "TypeScript", 0, 0, 0, 175, 0, 0, 0, 0, 0, 132, 307
"c:\Workspaces\Visual Studio Code\wuye\sp-ic-b\src\.const\num.const.ts", "TypeScript", 0, 0, 0, 5, 0, 0, 0, 0, 0, 2, 7
"c:\Workspaces\Visual Studio Code\wuye\sp-ic-b\src\.const\var.const.ts", "TypeScript", 0, 0, 0, 4, 0, 0, 0, 0, 0, 0, 4
"c:\Workspaces\Visual Studio Code\wuye\sp-ic-b\src\.dtos\dto.ts", "TypeScript", 0, 0, 0, 4, 0, 0, 0, 0, 0, 1, 5
"c:\Workspaces\Visual Studio Code\wuye\sp-ic-b\src\.dtos\result.ts", "TypeScript", 0, 0, 0, 20, 0, 0, 0, 0, 0, 7, 27
"c:\Workspaces\Visual Studio Code\wuye\sp-ic-b\src\.sql\init.sql", "SQL", 0, 0, 0, 0, 0, 0, 20, 0, 10, 9, 39
"c:\Workspaces\Visual Studio Code\wuye\sp-ic-b\src\.tools\boolean.tool.ts", "TypeScript", 0, 0, 0, 5, 0, 0, 0, 0, 0, 0, 5
"c:\Workspaces\Visual Studio Code\wuye\sp-ic-b\src\.tools\number.tool.ts", "TypeScript", 0, 0, 0, 14, 0, 0, 0, 0, 0, 3, 17
"c:\Workspaces\Visual Studio Code\wuye\sp-ic-b\src\.tools\object.tool.ts", "TypeScript", 0, 0, 0, 6, 0, 0, 0, 0, 0, 1, 7
"c:\Workspaces\Visual Studio Code\wuye\sp-ic-b\src\.tools\password.tool.ts", "TypeScript", 0, 0, 0, 14, 0, 0, 0, 0, 0, 4, 18
"c:\Workspaces\Visual Studio Code\wuye\sp-ic-b\src\.tools\string.tool.ts", "TypeScript", 0, 0, 0, 5, 0, 0, 0, 0, 0, 0, 5
"c:\Workspaces\Visual Studio Code\wuye\sp-ic-b\src\.tools\time.tool.ts", "TypeScript", 0, 0, 0, 5, 0, 0, 0, 0, 0, 0, 5
"c:\Workspaces\Visual Studio Code\wuye\sp-ic-b\src\activity\activity.controller.spec.ts", "TypeScript", 0, 0, 0, 16, 0, 0, 0, 0, 0, 5, 21
"c:\Workspaces\Visual Studio Code\wuye\sp-ic-b\src\activity\activity.controller.ts", "TypeScript", 0, 0, 0, 61, 0, 0, 0, 0, 0, 10, 71
"c:\Workspaces\Visual Studio Code\wuye\sp-ic-b\src\activity\activity.module.ts", "TypeScript", 0, 0, 0, 11, 0, 0, 0, 0, 0, 2, 13
"c:\Workspaces\Visual Studio Code\wuye\sp-ic-b\src\activity\activity.service.spec.ts", "TypeScript", 0, 0, 0, 14, 0, 0, 0, 0, 0, 5, 19
"c:\Workspaces\Visual Studio Code\wuye\sp-ic-b\src\activity\activity.service.ts", "TypeScript", 0, 0, 0, 54, 0, 0, 0, 0, 0, 14, 68
"c:\Workspaces\Visual Studio Code\wuye\sp-ic-b\src\activity\dtos\activity.create.dto.ts", "TypeScript", 0, 0, 0, 13, 0, 0, 0, 0, 0, 9, 22
"c:\Workspaces\Visual Studio Code\wuye\sp-ic-b\src\activity\dtos\activity.delete.dto.ts", "TypeScript", 0, 0, 0, 6, 0, 0, 0, 0, 0, 2, 8
"c:\Workspaces\Visual Studio Code\wuye\sp-ic-b\src\activity\dtos\activity.query.dto.ts", "TypeScript", 0, 0, 0, 8, 0, 0, 0, 0, 0, 3, 11
"c:\Workspaces\Visual Studio Code\wuye\sp-ic-b\src\activity\dtos\activity.update.dto.ts", "TypeScript", 0, 0, 0, 14, 0, 0, 0, 0, 0, 9, 23
"c:\Workspaces\Visual Studio Code\wuye\sp-ic-b\src\activity\entities\activity.entity.ts", "TypeScript", 0, 0, 0, 28, 0, 0, 0, 0, 0, 12, 40
"c:\Workspaces\Visual Studio Code\wuye\sp-ic-b\src\app.controller.spec.ts", "TypeScript", 0, 0, 0, 18, 0, 0, 0, 0, 0, 5, 23
"c:\Workspaces\Visual Studio Code\wuye\sp-ic-b\src\app.controller.ts", "TypeScript", 0, 0, 0, 10, 0, 0, 0, 0, 0, 3, 13
"c:\Workspaces\Visual Studio Code\wuye\sp-ic-b\src\app.module.ts", "TypeScript", 0, 0, 0, 62, 0, 0, 0, 0, 0, 2, 64
"c:\Workspaces\Visual Studio Code\wuye\sp-ic-b\src\app.service.ts", "TypeScript", 0, 0, 0, 7, 0, 0, 0, 0, 0, 2, 9
"c:\Workspaces\Visual Studio Code\wuye\sp-ic-b\src\attend\attend.controller.spec.ts", "TypeScript", 0, 0, 0, 16, 0, 0, 0, 0, 0, 5, 21
"c:\Workspaces\Visual Studio Code\wuye\sp-ic-b\src\attend\attend.controller.ts", "TypeScript", 0, 0, 0, 45, 0, 0, 0, 0, 0, 9, 54
"c:\Workspaces\Visual Studio Code\wuye\sp-ic-b\src\attend\attend.module.ts", "TypeScript", 0, 0, 0, 11, 0, 0, 0, 0, 0, 2, 13
"c:\Workspaces\Visual Studio Code\wuye\sp-ic-b\src\attend\attend.service.spec.ts", "TypeScript", 0, 0, 0, 14, 0, 0, 0, 0, 0, 5, 19
"c:\Workspaces\Visual Studio Code\wuye\sp-ic-b\src\attend\attend.service.ts", "TypeScript", 0, 0, 0, 66, 0, 0, 0, 0, 0, 11, 77
"c:\Workspaces\Visual Studio Code\wuye\sp-ic-b\src\attend\dtos\attend.create.dto.ts", "TypeScript", 0, 0, 0, 7, 0, 0, 0, 0, 0, 2, 9
"c:\Workspaces\Visual Studio Code\wuye\sp-ic-b\src\attend\dtos\attend.query.dto.ts", "TypeScript", 0, 0, 0, 9, 0, 0, 0, 0, 0, 4, 13
"c:\Workspaces\Visual Studio Code\wuye\sp-ic-b\src\attend\dtos\attend.update.dto.ts", "TypeScript", 0, 0, 0, 7, 0, 0, 0, 0, 0, 2, 9
"c:\Workspaces\Visual Studio Code\wuye\sp-ic-b\src\attend\entities\attend.entity.ts", "TypeScript", 0, 0, 0, 16, 0, 0, 0, 0, 0, 6, 22
"c:\Workspaces\Visual Studio Code\wuye\sp-ic-b\src\bill\bill.controller.spec.ts", "TypeScript", 0, 0, 0, 16, 0, 0, 0, 0, 0, 5, 21
"c:\Workspaces\Visual Studio Code\wuye\sp-ic-b\src\bill\bill.controller.ts", "TypeScript", 0, 0, 0, 40, 0, 0, 0, 0, 0, 8, 48
"c:\Workspaces\Visual Studio Code\wuye\sp-ic-b\src\bill\bill.module.ts", "TypeScript", 0, 0, 0, 11, 0, 0, 0, 0, 0, 2, 13
"c:\Workspaces\Visual Studio Code\wuye\sp-ic-b\src\bill\bill.service.spec.ts", "TypeScript", 0, 0, 0, 14, 0, 0, 0, 0, 0, 5, 19
"c:\Workspaces\Visual Studio Code\wuye\sp-ic-b\src\bill\bill.service.ts", "TypeScript", 0, 0, 0, 75, 0, 0, 0, 0, 0, 11, 86
"c:\Workspaces\Visual Studio Code\wuye\sp-ic-b\src\bill\dtos\bill.delete.dto.ts", "TypeScript", 0, 0, 0, 6, 0, 0, 0, 0, 0, 1, 7
"c:\Workspaces\Visual Studio Code\wuye\sp-ic-b\src\bill\dtos\bill.query.dto.ts", "TypeScript", 0, 0, 0, 8, 0, 0, 0, 0, 0, 3, 11
"c:\Workspaces\Visual Studio Code\wuye\sp-ic-b\src\bill\dtos\bill.update.dto.ts", "TypeScript", 0, 0, 0, 7, 0, 0, 0, 0, 0, 2, 9
"c:\Workspaces\Visual Studio Code\wuye\sp-ic-b\src\bill\entities\bill.entity.ts", "TypeScript", 0, 0, 0, 24, 0, 0, 0, 0, 0, 10, 34
"c:\Workspaces\Visual Studio Code\wuye\sp-ic-b\src\feedback\dtos\feedback.create.dto.ts", "TypeScript", 0, 0, 0, 9, 0, 0, 0, 0, 0, 4, 13
"c:\Workspaces\Visual Studio Code\wuye\sp-ic-b\src\feedback\dtos\feedback.delete.dto.ts", "TypeScript", 0, 0, 0, 6, 0, 0, 0, 0, 0, 1, 7
"c:\Workspaces\Visual Studio Code\wuye\sp-ic-b\src\feedback\dtos\feedback.query.dto.ts", "TypeScript", 0, 0, 0, 7, 0, 0, 0, 0, 0, 2, 9
"c:\Workspaces\Visual Studio Code\wuye\sp-ic-b\src\feedback\dtos\feedback.update.dto.ts", "TypeScript", 0, 0, 0, 7, 0, 0, 0, 0, 0, 2, 9
"c:\Workspaces\Visual Studio Code\wuye\sp-ic-b\src\feedback\entities\feedback.entity.ts", "TypeScript", 0, 0, 0, 22, 0, 0, 0, 0, 0, 9, 31
"c:\Workspaces\Visual Studio Code\wuye\sp-ic-b\src\feedback\feedback.controller.spec.ts", "TypeScript", 0, 0, 0, 16, 0, 0, 0, 0, 0, 5, 21
"c:\Workspaces\Visual Studio Code\wuye\sp-ic-b\src\feedback\feedback.controller.ts", "TypeScript", 0, 0, 0, 48, 0, 0, 0, 0, 0, 10, 58
"c:\Workspaces\Visual Studio Code\wuye\sp-ic-b\src\feedback\feedback.module.ts", "TypeScript", 0, 0, 0, 11, 0, 0, 0, 0, 0, 2, 13
"c:\Workspaces\Visual Studio Code\wuye\sp-ic-b\src\feedback\feedback.service.spec.ts", "TypeScript", 0, 0, 0, 14, 0, 0, 0, 0, 0, 5, 19
"c:\Workspaces\Visual Studio Code\wuye\sp-ic-b\src\feedback\feedback.service.ts", "TypeScript", 0, 0, 0, 66, 0, 0, 0, 0, 0, 14, 80
"c:\Workspaces\Visual Studio Code\wuye\sp-ic-b\src\goods\dtos\goods.create.dto.ts", "TypeScript", 0, 0, 0, 12, 0, 0, 0, 0, 0, 7, 19
"c:\Workspaces\Visual Studio Code\wuye\sp-ic-b\src\goods\dtos\goods.delete.dto.ts", "TypeScript", 0, 0, 0, 6, 0, 0, 0, 0, 0, 1, 7
"c:\Workspaces\Visual Studio Code\wuye\sp-ic-b\src\goods\dtos\goods.query.dto.ts", "TypeScript", 0, 0, 0, 7, 0, 0, 0, 0, 0, 2, 9
"c:\Workspaces\Visual Studio Code\wuye\sp-ic-b\src\goods\dtos\goods.update.dto.ts", "TypeScript", 0, 0, 0, 14, 0, 0, 0, 0, 0, 9, 23
"c:\Workspaces\Visual Studio Code\wuye\sp-ic-b\src\goods\entities\goods.entity.ts", "TypeScript", 0, 0, 0, 29, 0, 0, 0, 0, 0, 12, 41
"c:\Workspaces\Visual Studio Code\wuye\sp-ic-b\src\goods\goods.controller.spec.ts", "TypeScript", 0, 0, 0, 16, 0, 0, 0, 0, 0, 5, 21
"c:\Workspaces\Visual Studio Code\wuye\sp-ic-b\src\goods\goods.controller.ts", "TypeScript", 0, 0, 0, 57, 0, 0, 0, 0, 0, 10, 67
"c:\Workspaces\Visual Studio Code\wuye\sp-ic-b\src\goods\goods.module.ts", "TypeScript", 0, 0, 0, 11, 0, 0, 0, 0, 0, 2, 13
"c:\Workspaces\Visual Studio Code\wuye\sp-ic-b\src\goods\goods.service.spec.ts", "TypeScript", 0, 0, 0, 14, 0, 0, 0, 0, 0, 5, 19
"c:\Workspaces\Visual Studio Code\wuye\sp-ic-b\src\goods\goods.service.ts", "TypeScript", 0, 0, 0, 75, 0, 0, 0, 0, 1, 14, 90
"c:\Workspaces\Visual Studio Code\wuye\sp-ic-b\src\log\dtos\log.create.dto.ts", "TypeScript", 0, 0, 0, 7, 0, 0, 0, 0, 0, 2, 9
"c:\Workspaces\Visual Studio Code\wuye\sp-ic-b\src\log\dtos\log.query.dto.ts", "TypeScript", 0, 0, 0, 10, 0, 0, 0, 0, 0, 4, 14
"c:\Workspaces\Visual Studio Code\wuye\sp-ic-b\src\log\entities\log.entity.ts", "TypeScript", 0, 0, 0, 22, 0, 0, 0, 0, 0, 9, 31
"c:\Workspaces\Visual Studio Code\wuye\sp-ic-b\src\log\log.controller.spec.ts", "TypeScript", 0, 0, 0, 16, 0, 0, 0, 0, 0, 5, 21
"c:\Workspaces\Visual Studio Code\wuye\sp-ic-b\src\log\log.controller.ts", "TypeScript", 0, 0, 0, 34, 0, 0, 0, 0, 0, 6, 40
"c:\Workspaces\Visual Studio Code\wuye\sp-ic-b\src\log\log.module.ts", "TypeScript", 0, 0, 0, 11, 0, 0, 0, 0, 0, 2, 13
"c:\Workspaces\Visual Studio Code\wuye\sp-ic-b\src\log\log.service.spec.ts", "TypeScript", 0, 0, 0, 14, 0, 0, 0, 0, 0, 5, 19
"c:\Workspaces\Visual Studio Code\wuye\sp-ic-b\src\log\log.service.ts", "TypeScript", 0, 0, 0, 47, 0, 0, 0, 0, 0, 8, 55
"c:\Workspaces\Visual Studio Code\wuye\sp-ic-b\src\main.ts", "TypeScript", 0, 0, 0, 12, 0, 0, 0, 0, 0, 2, 14
"c:\Workspaces\Visual Studio Code\wuye\sp-ic-b\src\message\dtos\message.create.dto.ts", "TypeScript", 0, 0, 0, 9, 0, 0, 0, 0, 0, 4, 13
"c:\Workspaces\Visual Studio Code\wuye\sp-ic-b\src\message\dtos\message.query.dto.ts", "TypeScript", 0, 0, 0, 7, 0, 0, 0, 0, 0, 2, 9
"c:\Workspaces\Visual Studio Code\wuye\sp-ic-b\src\message\dtos\message.read.dto.ts", "TypeScript", 0, 0, 0, 6, 0, 0, 0, 0, 0, 1, 7
"c:\Workspaces\Visual Studio Code\wuye\sp-ic-b\src\message\entities\message.entity.ts", "TypeScript", 0, 0, 0, 20, 0, 0, 0, 0, 0, 8, 28
"c:\Workspaces\Visual Studio Code\wuye\sp-ic-b\src\message\message.controller.spec.ts", "TypeScript", 0, 0, 0, 16, 0, 0, 0, 0, 0, 5, 21
"c:\Workspaces\Visual Studio Code\wuye\sp-ic-b\src\message\message.controller.ts", "TypeScript", 0, 0, 0, 38, 0, 0, 0, 0, 0, 9, 47
"c:\Workspaces\Visual Studio Code\wuye\sp-ic-b\src\message\message.module.ts", "TypeScript", 0, 0, 0, 11, 0, 0, 0, 0, 0, 2, 13
"c:\Workspaces\Visual Studio Code\wuye\sp-ic-b\src\message\message.service.spec.ts", "TypeScript", 0, 0, 0, 14, 0, 0, 0, 0, 0, 5, 19
"c:\Workspaces\Visual Studio Code\wuye\sp-ic-b\src\message\message.service.ts", "TypeScript", 0, 0, 0, 48, 0, 0, 0, 0, 0, 12, 60
"c:\Workspaces\Visual Studio Code\wuye\sp-ic-b\src\notice\dtos\notice.create.dto.ts", "TypeScript", 0, 0, 0, 9, 0, 0, 0, 0, 0, 4, 13
"c:\Workspaces\Visual Studio Code\wuye\sp-ic-b\src\notice\dtos\notice.delete.dto.ts", "TypeScript", 0, 0, 0, 6, 0, 0, 0, 0, 0, 1, 7
"c:\Workspaces\Visual Studio Code\wuye\sp-ic-b\src\notice\dtos\notice.query.dto.ts", "TypeScript", 0, 0, 0, 7, 0, 0, 0, 0, 0, 2, 9
"c:\Workspaces\Visual Studio Code\wuye\sp-ic-b\src\notice\dtos\notice.update.dto.ts", "TypeScript", 0, 0, 0, 9, 0, 0, 0, 0, 0, 4, 13
"c:\Workspaces\Visual Studio Code\wuye\sp-ic-b\src\notice\entities\notice.entity.ts", "TypeScript", 0, 0, 0, 22, 0, 0, 0, 0, 0, 9, 31
"c:\Workspaces\Visual Studio Code\wuye\sp-ic-b\src\notice\notice.controller.spec.ts", "TypeScript", 0, 0, 0, 16, 0, 0, 0, 0, 0, 5, 21
"c:\Workspaces\Visual Studio Code\wuye\sp-ic-b\src\notice\notice.controller.ts", "TypeScript", 0, 0, 0, 49, 0, 0, 0, 0, 0, 10, 59
"c:\Workspaces\Visual Studio Code\wuye\sp-ic-b\src\notice\notice.module.ts", "TypeScript", 0, 0, 0, 11, 0, 0, 0, 0, 0, 2, 13
"c:\Workspaces\Visual Studio Code\wuye\sp-ic-b\src\notice\notice.service.spec.ts", "TypeScript", 0, 0, 0, 14, 0, 0, 0, 0, 0, 5, 19
"c:\Workspaces\Visual Studio Code\wuye\sp-ic-b\src\notice\notice.service.ts", "TypeScript", 0, 0, 0, 51, 0, 0, 0, 0, 1, 14, 66
"c:\Workspaces\Visual Studio Code\wuye\sp-ic-b\src\outsider\dtos\outsider.create.dto.ts", "TypeScript", 0, 0, 0, 9, 0, 0, 0, 0, 0, 4, 13
"c:\Workspaces\Visual Studio Code\wuye\sp-ic-b\src\outsider\dtos\outsider.delete.dto.ts", "TypeScript", 0, 0, 0, 6, 0, 0, 0, 0, 0, 1, 7
"c:\Workspaces\Visual Studio Code\wuye\sp-ic-b\src\outsider\dtos\outsider.query.dto.ts", "TypeScript", 0, 0, 0, 7, 0, 0, 0, 0, 0, 2, 9
"c:\Workspaces\Visual Studio Code\wuye\sp-ic-b\src\outsider\dtos\outsider.update.dto.ts", "TypeScript", 0, 0, 0, 10, 0, 0, 0, 0, 0, 5, 15
"c:\Workspaces\Visual Studio Code\wuye\sp-ic-b\src\outsider\entities\outsider.entity.ts", "TypeScript", 0, 0, 0, 20, 0, 0, 0, 0, 0, 8, 28
"c:\Workspaces\Visual Studio Code\wuye\sp-ic-b\src\outsider\outsider.controller.spec.ts", "TypeScript", 0, 0, 0, 16, 0, 0, 0, 0, 0, 5, 21
"c:\Workspaces\Visual Studio Code\wuye\sp-ic-b\src\outsider\outsider.controller.ts", "TypeScript", 0, 0, 0, 55, 0, 0, 0, 0, 0, 10, 65
"c:\Workspaces\Visual Studio Code\wuye\sp-ic-b\src\outsider\outsider.module.ts", "TypeScript", 0, 0, 0, 11, 0, 0, 0, 0, 0, 2, 13
"c:\Workspaces\Visual Studio Code\wuye\sp-ic-b\src\outsider\outsider.service.spec.ts", "TypeScript", 0, 0, 0, 14, 0, 0, 0, 0, 0, 5, 19
"c:\Workspaces\Visual Studio Code\wuye\sp-ic-b\src\outsider\outsider.service.ts", "TypeScript", 0, 0, 0, 47, 0, 0, 0, 0, 0, 14, 61
"c:\Workspaces\Visual Studio Code\wuye\sp-ic-b\src\parking\dtos\parking.create.dto.ts", "TypeScript", 0, 0, 0, 7, 0, 0, 0, 0, 0, 2, 9
"c:\Workspaces\Visual Studio Code\wuye\sp-ic-b\src\parking\dtos\parking.delete.dto.ts", "TypeScript", 0, 0, 0, 6, 0, 0, 0, 0, 0, 1, 7
"c:\Workspaces\Visual Studio Code\wuye\sp-ic-b\src\parking\dtos\parking.query.dto.ts", "TypeScript", 0, 0, 0, 7, 0, 0, 0, 0, 0, 2, 9
"c:\Workspaces\Visual Studio Code\wuye\sp-ic-b\src\parking\dtos\parking.update.dto.ts", "TypeScript", 0, 0, 0, 9, 0, 0, 0, 0, 0, 4, 13
"c:\Workspaces\Visual Studio Code\wuye\sp-ic-b\src\parking\entities\parking.entity.ts", "TypeScript", 0, 0, 0, 16, 0, 0, 0, 0, 0, 6, 22
"c:\Workspaces\Visual Studio Code\wuye\sp-ic-b\src\parking\parking.controller.spec.ts", "TypeScript", 0, 0, 0, 16, 0, 0, 0, 0, 0, 5, 21
"c:\Workspaces\Visual Studio Code\wuye\sp-ic-b\src\parking\parking.controller.ts", "TypeScript", 0, 0, 0, 51, 0, 0, 0, 0, 0, 10, 61
"c:\Workspaces\Visual Studio Code\wuye\sp-ic-b\src\parking\parking.module.ts", "TypeScript", 0, 0, 0, 11, 0, 0, 0, 0, 0, 2, 13
"c:\Workspaces\Visual Studio Code\wuye\sp-ic-b\src\parking\parking.service.spec.ts", "TypeScript", 0, 0, 0, 14, 0, 0, 0, 0, 0, 5, 19
"c:\Workspaces\Visual Studio Code\wuye\sp-ic-b\src\parking\parking.service.ts", "TypeScript", 0, 0, 0, 68, 0, 0, 0, 0, 0, 15, 83
"c:\Workspaces\Visual Studio Code\wuye\sp-ic-b\src\payment\dtos\payment.create.dto.ts", "TypeScript", 0, 0, 0, 10, 0, 0, 0, 0, 0, 5, 15
"c:\Workspaces\Visual Studio Code\wuye\sp-ic-b\src\payment\dtos\payment.delete.dto.ts", "TypeScript", 0, 0, 0, 6, 0, 0, 0, 0, 0, 1, 7
"c:\Workspaces\Visual Studio Code\wuye\sp-ic-b\src\payment\dtos\payment.query.dto.ts", "TypeScript", 0, 0, 0, 7, 0, 0, 0, 0, 0, 2, 9
"c:\Workspaces\Visual Studio Code\wuye\sp-ic-b\src\payment\dtos\payment.update.dto.ts", "TypeScript", 0, 0, 0, 6, 0, 0, 0, 0, 0, 1, 7
"c:\Workspaces\Visual Studio Code\wuye\sp-ic-b\src\payment\entities\payment.entity.ts", "TypeScript", 0, 0, 0, 26, 0, 0, 0, 0, 0, 11, 37
"c:\Workspaces\Visual Studio Code\wuye\sp-ic-b\src\payment\payment.controller.spec.ts", "TypeScript", 0, 0, 0, 16, 0, 0, 0, 0, 0, 5, 21
"c:\Workspaces\Visual Studio Code\wuye\sp-ic-b\src\payment\payment.controller.ts", "TypeScript", 0, 0, 0, 48, 0, 0, 0, 0, 0, 10, 58
"c:\Workspaces\Visual Studio Code\wuye\sp-ic-b\src\payment\payment.module.ts", "TypeScript", 0, 0, 0, 11, 0, 0, 0, 0, 0, 2, 13
"c:\Workspaces\Visual Studio Code\wuye\sp-ic-b\src\payment\payment.service.spec.ts", "TypeScript", 0, 0, 0, 14, 0, 0, 0, 0, 0, 5, 19
"c:\Workspaces\Visual Studio Code\wuye\sp-ic-b\src\payment\payment.service.ts", "TypeScript", 0, 0, 0, 60, 0, 0, 0, 0, 0, 14, 74
"c:\Workspaces\Visual Studio Code\wuye\sp-ic-b\src\post\dtos\post.create.dto.ts", "TypeScript", 0, 0, 0, 11, 0, 0, 0, 0, 0, 6, 17
"c:\Workspaces\Visual Studio Code\wuye\sp-ic-b\src\post\dtos\post.delete.dto.ts", "TypeScript", 0, 0, 0, 6, 0, 0, 0, 0, 0, 1, 7
"c:\Workspaces\Visual Studio Code\wuye\sp-ic-b\src\post\dtos\post.query.dto.ts", "TypeScript", 0, 0, 0, 8, 0, 0, 0, 0, 0, 3, 11
"c:\Workspaces\Visual Studio Code\wuye\sp-ic-b\src\post\dtos\post.update.dto.ts", "TypeScript", 0, 0, 0, 7, 0, 0, 0, 0, 0, 2, 9
"c:\Workspaces\Visual Studio Code\wuye\sp-ic-b\src\post\entities\post.entity.ts", "TypeScript", 0, 0, 0, 28, 0, 0, 0, 0, 0, 12, 40
"c:\Workspaces\Visual Studio Code\wuye\sp-ic-b\src\post\post.controller.spec.ts", "TypeScript", 0, 0, 0, 16, 0, 0, 0, 0, 0, 5, 21
"c:\Workspaces\Visual Studio Code\wuye\sp-ic-b\src\post\post.controller.ts", "TypeScript", 0, 0, 0, 52, 0, 0, 0, 0, 0, 10, 62
"c:\Workspaces\Visual Studio Code\wuye\sp-ic-b\src\post\post.module.ts", "TypeScript", 0, 0, 0, 11, 0, 0, 0, 0, 0, 2, 13
"c:\Workspaces\Visual Studio Code\wuye\sp-ic-b\src\post\post.service.spec.ts", "TypeScript", 0, 0, 0, 14, 0, 0, 0, 0, 0, 5, 19
"c:\Workspaces\Visual Studio Code\wuye\sp-ic-b\src\post\post.service.ts", "TypeScript", 0, 0, 0, 81, 0, 0, 0, 0, 0, 15, 96
"c:\Workspaces\Visual Studio Code\wuye\sp-ic-b\src\post_collect\dtos\post_collect.create.dto.ts", "TypeScript", 0, 0, 0, 7, 0, 0, 0, 0, 0, 2, 9
"c:\Workspaces\Visual Studio Code\wuye\sp-ic-b\src\post_collect\dtos\post_collect.delete.dto.ts", "TypeScript", 0, 0, 0, 7, 0, 0, 0, 0, 0, 2, 9
"c:\Workspaces\Visual Studio Code\wuye\sp-ic-b\src\post_collect\dtos\post_collect.query.dto.ts", "TypeScript", 0, 0, 0, 7, 0, 0, 0, 0, 0, 2, 9
"c:\Workspaces\Visual Studio Code\wuye\sp-ic-b\src\post_collect\dtos\post_collect.query_list.dto.ts", "TypeScript", 0, 0, 0, 7, 0, 0, 0, 0, 0, 2, 9
"c:\Workspaces\Visual Studio Code\wuye\sp-ic-b\src\post_collect\entities\post_collect.entity.ts", "TypeScript", 0, 0, 0, 14, 0, 0, 0, 0, 0, 5, 19
"c:\Workspaces\Visual Studio Code\wuye\sp-ic-b\src\post_collect\post_collect.controller.spec.ts", "TypeScript", 0, 0, 0, 16, 0, 0, 0, 0, 0, 5, 21
"c:\Workspaces\Visual Studio Code\wuye\sp-ic-b\src\post_collect\post_collect.controller.ts", "TypeScript", 0, 0, 0, 45, 0, 0, 0, 0, 0, 10, 55
"c:\Workspaces\Visual Studio Code\wuye\sp-ic-b\src\post_collect\post_collect.module.ts", "TypeScript", 0, 0, 0, 11, 0, 0, 0, 0, 0, 2, 13
"c:\Workspaces\Visual Studio Code\wuye\sp-ic-b\src\post_collect\post_collect.service.spec.ts", "TypeScript", 0, 0, 0, 14, 0, 0, 0, 0, 0, 5, 19
"c:\Workspaces\Visual Studio Code\wuye\sp-ic-b\src\post_collect\post_collect.service.ts", "TypeScript", 0, 0, 0, 75, 0, 0, 0, 0, 0, 14, 89
"c:\Workspaces\Visual Studio Code\wuye\sp-ic-b\src\post_comment\dtos\post_comment.create.dto.ts", "TypeScript", 0, 0, 0, 9, 0, 0, 0, 0, 0, 4, 13
"c:\Workspaces\Visual Studio Code\wuye\sp-ic-b\src\post_comment\dtos\post_comment.delete.dto.ts", "TypeScript", 0, 0, 0, 6, 0, 0, 0, 0, 0, 1, 7
"c:\Workspaces\Visual Studio Code\wuye\sp-ic-b\src\post_comment\dtos\post_comment.query.dto.ts", "TypeScript", 0, 0, 0, 8, 0, 0, 0, 0, 0, 3, 11
"c:\Workspaces\Visual Studio Code\wuye\sp-ic-b\src\post_comment\entities\post_comment.entity.ts", "TypeScript", 0, 0, 0, 23, 0, 0, 0, 0, 0, 9, 32
"c:\Workspaces\Visual Studio Code\wuye\sp-ic-b\src\post_comment\post_comment.controller.spec.ts", "TypeScript", 0, 0, 0, 16, 0, 0, 0, 0, 0, 5, 21
"c:\Workspaces\Visual Studio Code\wuye\sp-ic-b\src\post_comment\post_comment.controller.ts", "TypeScript", 0, 0, 0, 40, 0, 0, 0, 0, 0, 8, 48
"c:\Workspaces\Visual Studio Code\wuye\sp-ic-b\src\post_comment\post_comment.module.ts", "TypeScript", 0, 0, 0, 11, 0, 0, 0, 0, 0, 2, 13
"c:\Workspaces\Visual Studio Code\wuye\sp-ic-b\src\post_comment\post_comment.service.spec.ts", "TypeScript", 0, 0, 0, 14, 0, 0, 0, 0, 0, 5, 19
"c:\Workspaces\Visual Studio Code\wuye\sp-ic-b\src\post_comment\post_comment.service.ts", "TypeScript", 0, 0, 0, 66, 0, 0, 0, 0, 0, 12, 78
"c:\Workspaces\Visual Studio Code\wuye\sp-ic-b\src\post_comment_like\dtos\post_comment_like.create.dto.ts", "TypeScript", 0, 0, 0, 7, 0, 0, 0, 0, 0, 2, 9
"c:\Workspaces\Visual Studio Code\wuye\sp-ic-b\src\post_comment_like\dtos\post_comment_like.delete.ts", "TypeScript", 0, 0, 0, 6, 0, 0, 0, 0, 0, 1, 7
"c:\Workspaces\Visual Studio Code\wuye\sp-ic-b\src\post_comment_like\dtos\post_comment_like.query.ts", "TypeScript", 0, 0, 0, 6, 0, 0, 0, 0, 0, 1, 7
"c:\Workspaces\Visual Studio Code\wuye\sp-ic-b\src\post_comment_like\entities\post_comment_like.entity.ts", "TypeScript", 0, 0, 0, 14, 0, 0, 0, 0, 0, 5, 19
"c:\Workspaces\Visual Studio Code\wuye\sp-ic-b\src\post_comment_like\post_comment_like.controller.spec.ts", "TypeScript", 0, 0, 0, 16, 0, 0, 0, 0, 0, 5, 21
"c:\Workspaces\Visual Studio Code\wuye\sp-ic-b\src\post_comment_like\post_comment_like.controller.ts", "TypeScript", 0, 0, 0, 34, 0, 0, 0, 0, 0, 8, 42
"c:\Workspaces\Visual Studio Code\wuye\sp-ic-b\src\post_comment_like\post_comment_like.module.ts", "TypeScript", 0, 0, 0, 11, 0, 0, 0, 0, 0, 2, 13
"c:\Workspaces\Visual Studio Code\wuye\sp-ic-b\src\post_comment_like\post_comment_like.service.spec.ts", "TypeScript", 0, 0, 0, 14, 0, 0, 0, 0, 0, 5, 19
"c:\Workspaces\Visual Studio Code\wuye\sp-ic-b\src\post_comment_like\post_comment_like.service.ts", "TypeScript", 0, 0, 0, 49, 0, 0, 0, 0, 0, 11, 60
"c:\Workspaces\Visual Studio Code\wuye\sp-ic-b\src\post_like\dtos\post_like.create.dto.ts", "TypeScript", 0, 0, 0, 7, 0, 0, 0, 0, 0, 2, 9
"c:\Workspaces\Visual Studio Code\wuye\sp-ic-b\src\post_like\dtos\post_like.delete.dto.ts", "TypeScript", 0, 0, 0, 6, 0, 0, 0, 0, 0, 1, 7
"c:\Workspaces\Visual Studio Code\wuye\sp-ic-b\src\post_like\dtos\post_like.query.dto.ts", "TypeScript", 0, 0, 0, 6, 0, 0, 0, 0, 0, 1, 7
"c:\Workspaces\Visual Studio Code\wuye\sp-ic-b\src\post_like\entities\post_like.entity.ts", "TypeScript", 0, 0, 0, 14, 0, 0, 0, 0, 0, 5, 19
"c:\Workspaces\Visual Studio Code\wuye\sp-ic-b\src\post_like\post_like.controller.spec.ts", "TypeScript", 0, 0, 0, 16, 0, 0, 0, 0, 0, 5, 21
"c:\Workspaces\Visual Studio Code\wuye\sp-ic-b\src\post_like\post_like.controller.ts", "TypeScript", 0, 0, 0, 34, 0, 0, 0, 0, 0, 8, 42
"c:\Workspaces\Visual Studio Code\wuye\sp-ic-b\src\post_like\post_like.module.ts", "TypeScript", 0, 0, 0, 11, 0, 0, 0, 0, 0, 2, 13
"c:\Workspaces\Visual Studio Code\wuye\sp-ic-b\src\post_like\post_like.service.spec.ts", "TypeScript", 0, 0, 0, 14, 0, 0, 0, 0, 0, 5, 19
"c:\Workspaces\Visual Studio Code\wuye\sp-ic-b\src\post_like\post_like.service.ts", "TypeScript", 0, 0, 0, 48, 0, 0, 0, 0, 0, 11, 59
"c:\Workspaces\Visual Studio Code\wuye\sp-ic-b\src\power\dtos\power.query.dto.ts", "TypeScript", 0, 0, 0, 2, 0, 0, 0, 0, 0, 1, 3
"c:\Workspaces\Visual Studio Code\wuye\sp-ic-b\src\power\entities\power.entity.ts", "TypeScript", 0, 0, 0, 48, 0, 0, 0, 0, 0, 22, 70
"c:\Workspaces\Visual Studio Code\wuye\sp-ic-b\src\power\power.controller.spec.ts", "TypeScript", 0, 0, 0, 16, 0, 0, 0, 0, 0, 5, 21
"c:\Workspaces\Visual Studio Code\wuye\sp-ic-b\src\power\power.controller.ts", "TypeScript", 0, 0, 0, 14, 0, 0, 0, 0, 0, 4, 18
"c:\Workspaces\Visual Studio Code\wuye\sp-ic-b\src\power\power.module.ts", "TypeScript", 0, 0, 0, 11, 0, 0, 0, 0, 0, 2, 13
"c:\Workspaces\Visual Studio Code\wuye\sp-ic-b\src\power\power.service.spec.ts", "TypeScript", 0, 0, 0, 14, 0, 0, 0, 0, 0, 5, 19
"c:\Workspaces\Visual Studio Code\wuye\sp-ic-b\src\power\power.service.ts", "TypeScript", 0, 0, 0, 34, 0, 0, 0, 0, 0, 7, 41
"c:\Workspaces\Visual Studio Code\wuye\sp-ic-b\src\repair\dtos\repair.create.dto.ts", "TypeScript", 0, 0, 0, 9, 0, 0, 0, 0, 0, 4, 13
"c:\Workspaces\Visual Studio Code\wuye\sp-ic-b\src\repair\dtos\repair.delete.dto.ts", "TypeScript", 0, 0, 0, 6, 0, 0, 0, 0, 0, 1, 7
"c:\Workspaces\Visual Studio Code\wuye\sp-ic-b\src\repair\dtos\repair.query.dto.ts", "TypeScript", 0, 0, 0, 7, 0, 0, 0, 0, 0, 2, 9
"c:\Workspaces\Visual Studio Code\wuye\sp-ic-b\src\repair\dtos\repair.update.dto.ts", "TypeScript", 0, 0, 0, 7, 0, 0, 0, 0, 0, 2, 9
"c:\Workspaces\Visual Studio Code\wuye\sp-ic-b\src\repair\entities\repair.entity.ts", "TypeScript", 0, 0, 0, 20, 0, 0, 0, 0, 0, 8, 28
"c:\Workspaces\Visual Studio Code\wuye\sp-ic-b\src\repair\repair.controller.spec.ts", "TypeScript", 0, 0, 0, 16, 0, 0, 0, 0, 0, 5, 21
"c:\Workspaces\Visual Studio Code\wuye\sp-ic-b\src\repair\repair.controller.ts", "TypeScript", 0, 0, 0, 47, 0, 0, 0, 0, 0, 10, 57
"c:\Workspaces\Visual Studio Code\wuye\sp-ic-b\src\repair\repair.module.ts", "TypeScript", 0, 0, 0, 11, 0, 0, 0, 0, 0, 2, 13
"c:\Workspaces\Visual Studio Code\wuye\sp-ic-b\src\repair\repair.service.spec.ts", "TypeScript", 0, 0, 0, 14, 0, 0, 0, 0, 0, 5, 19
"c:\Workspaces\Visual Studio Code\wuye\sp-ic-b\src\repair\repair.service.ts", "TypeScript", 0, 0, 0, 63, 0, 0, 0, 0, 1, 14, 78
"c:\Workspaces\Visual Studio Code\wuye\sp-ic-b\src\store\dtos\store.create.dto.ts", "TypeScript", 0, 0, 0, 12, 0, 0, 0, 0, 0, 7, 19
"c:\Workspaces\Visual Studio Code\wuye\sp-ic-b\src\store\dtos\store.delete.dto.ts", "TypeScript", 0, 0, 0, 6, 0, 0, 0, 0, 0, 1, 7
"c:\Workspaces\Visual Studio Code\wuye\sp-ic-b\src\store\dtos\store.query.dto.ts", "TypeScript", 0, 0, 0, 8, 0, 0, 0, 0, 0, 3, 11
"c:\Workspaces\Visual Studio Code\wuye\sp-ic-b\src\store\dtos\store.update.dto.ts", "TypeScript", 0, 0, 0, 12, 0, 0, 0, 0, 0, 7, 19
"c:\Workspaces\Visual Studio Code\wuye\sp-ic-b\src\store\entities\store.entity.ts", "TypeScript", 0, 0, 0, 26, 0, 0, 0, 0, 0, 11, 37
"c:\Workspaces\Visual Studio Code\wuye\sp-ic-b\src\store\store.controller.spec.ts", "TypeScript", 0, 0, 0, 16, 0, 0, 0, 0, 0, 5, 21
"c:\Workspaces\Visual Studio Code\wuye\sp-ic-b\src\store\store.controller.ts", "TypeScript", 0, 0, 0, 57, 0, 0, 0, 0, 0, 10, 67
"c:\Workspaces\Visual Studio Code\wuye\sp-ic-b\src\store\store.module.ts", "TypeScript", 0, 0, 0, 11, 0, 0, 0, 0, 0, 2, 13
"c:\Workspaces\Visual Studio Code\wuye\sp-ic-b\src\store\store.service.spec.ts", "TypeScript", 0, 0, 0, 14, 0, 0, 0, 0, 0, 5, 19
"c:\Workspaces\Visual Studio Code\wuye\sp-ic-b\src\store\store.service.ts", "TypeScript", 0, 0, 0, 73, 0, 0, 0, 0, 0, 16, 89
"c:\Workspaces\Visual Studio Code\wuye\sp-ic-b\src\user\dtos\user.ban_talk.dto.ts", "TypeScript", 0, 0, 0, 7, 0, 0, 0, 0, 0, 2, 9
"c:\Workspaces\Visual Studio Code\wuye\sp-ic-b\src\user\dtos\user.create.dto.ts", "TypeScript", 0, 0, 0, 15, 0, 0, 0, 0, 0, 10, 25
"c:\Workspaces\Visual Studio Code\wuye\sp-ic-b\src\user\dtos\user.delete.dto.ts", "TypeScript", 0, 0, 0, 6, 0, 0, 0, 0, 0, 1, 7
"c:\Workspaces\Visual Studio Code\wuye\sp-ic-b\src\user\dtos\user.login.dto.ts", "TypeScript", 0, 0, 0, 4, 0, 0, 0, 0, 0, 1, 5
"c:\Workspaces\Visual Studio Code\wuye\sp-ic-b\src\user\dtos\user.query.dto.ts", "TypeScript", 0, 0, 0, 7, 0, 0, 0, 0, 0, 2, 9
"c:\Workspaces\Visual Studio Code\wuye\sp-ic-b\src\user\dtos\user.register.dto.ts", "TypeScript", 0, 0, 0, 10, 0, 0, 0, 0, 0, 7, 17
"c:\Workspaces\Visual Studio Code\wuye\sp-ic-b\src\user\dtos\user.reset_password_admin.dto.ts", "TypeScript", 0, 0, 0, 6, 0, 0, 0, 0, 0, 1, 7
"c:\Workspaces\Visual Studio Code\wuye\sp-ic-b\src\user\dtos\user.reset_password_own.dto.ts", "TypeScript", 0, 0, 0, 7, 0, 0, 0, 0, 0, 2, 9
"c:\Workspaces\Visual Studio Code\wuye\sp-ic-b\src\user\dtos\user.update.dto.ts", "TypeScript", 0, 0, 0, 18, 0, 0, 0, 0, 0, 13, 31
"c:\Workspaces\Visual Studio Code\wuye\sp-ic-b\src\user\dtos\user.update_own.dto.ts", "TypeScript", 0, 0, 0, 8, 0, 0, 0, 0, 0, 3, 11
"c:\Workspaces\Visual Studio Code\wuye\sp-ic-b\src\user\dtos\user.upload_head_img.dto.ts", "TypeScript", 0, 0, 0, 6, 0, 0, 0, 0, 0, 1, 7
"c:\Workspaces\Visual Studio Code\wuye\sp-ic-b\src\user\entities\user.entity.ts", "TypeScript", 0, 0, 0, 44, 0, 0, 0, 0, 0, 20, 64
"c:\Workspaces\Visual Studio Code\wuye\sp-ic-b\src\user\user.controller.spec.ts", "TypeScript", 0, 0, 0, 16, 0, 0, 0, 0, 0, 5, 21
"c:\Workspaces\Visual Studio Code\wuye\sp-ic-b\src\user\user.controller.ts", "TypeScript", 0, 0, 0, 147, 0, 0, 0, 0, 0, 26, 173
"c:\Workspaces\Visual Studio Code\wuye\sp-ic-b\src\user\user.module.ts", "TypeScript", 0, 0, 0, 11, 0, 0, 0, 0, 0, 2, 13
"c:\Workspaces\Visual Studio Code\wuye\sp-ic-b\src\user\user.service.spec.ts", "TypeScript", 0, 0, 0, 14, 0, 0, 0, 0, 0, 5, 19
"c:\Workspaces\Visual Studio Code\wuye\sp-ic-b\src\user\user.service.ts", "TypeScript", 0, 0, 0, 168, 0, 0, 0, 0, 0, 38, 206
"c:\Workspaces\Visual Studio Code\wuye\sp-ic-b\tsconfig.build.json", "JSON", 0, 4, 0, 0, 0, 0, 0, 0, 0, 1, 5
"c:\Workspaces\Visual Studio Code\wuye\sp-ic-b\tsconfig.json", "JSON with Comments", 0, 0, 0, 0, 22, 0, 0, 0, 0, 0, 22
"Total", "-", 25, 89, 51, 4572, 22, 8, 20, 32, 20, 1352, 6191